{"last_tab":"","jws_theme_less":"1","jws_theme_box_style":"","jws_theme_show_popup":"","jws_theme_body_layout":"wide","jws_theme_smoothscroll":"1","jws_theme_background":{"background-color":"#ffffff","background-repeat":"","background-size":"","background-attachment":"","background-position":"","background-image":"","media":{"id":"","height":"","width":"","thumbnail":""}},"jws_theme_favicon_image":{"url":"http:\/\/material.jwsuperthemes.com\/wp-content\/uploads\/2016\/11\/favicon-1.png","id":"523","height":"49","width":"49","thumbnail":"http:\/\/material.jwsuperthemes.com\/wp-content\/uploads\/2016\/11\/favicon-1.png"},"jws_theme_logo_text":"","jws_theme_logo_image":{"url":"http:\/\/material.jwsuperthemes.com\/wp-content\/uploads\/2016\/10\/logo.png","id":"8","height":"45","width":"120","thumbnail":"http:\/\/material.jwsuperthemes.com\/wp-content\/uploads\/2016\/10\/logo.png"},"jws_theme_stick_header":"1","jws_theme_menu_font_size_firts_level":{"font-family":"Montserrat","font-options":"","google":"1","font-weight":"700","font-style":"","text-align":"","font-size":"13px","line-height":"110px","color":"#444444"},"jws_theme_menu_font_size_sub_level":{"font-family":"Raleway","font-options":"","google":"1","font-weight":"400","font-style":"","text-align":"","font-size":"13px","line-height":"18px","color":"#777777"},"jws_theme_menu_padding":{"padding-top":"0","padding-right":"23px","padding-bottom":"0","padding-left":"23px","units":"px"},"jws_theme_error404_page_id":"464","jws_theme_error404_display_header":"1","jws_theme_error404_display_top_sidebar":"1","jws_theme_error404_display_title":"1","jws_theme_error404_display_footer":"1","jws_theme_error404_bg":{"background-color":"","background-repeat":"","background-size":"","background-attachment":"","background-position":"","background-image":"http:\/\/material.jwsuperthemes.com\/wp-content\/themes\/preschool\/assets\/images\/404-page\/404.jpg","media":{"id":"","height":"","width":"","thumbnail":""}},"jws_theme_display_footer":"1","jws_theme_footer_margin":{"margin-top":"0","margin-right":"0","margin-bottom":"0","margin-left":"0","units":"px"},"jws_theme_footer_padding":{"padding-top":"0","padding-right":"0","padding-bottom":"0","padding-left":"0","units":"px"},"jws_theme_footer_top_bg":{"background-color":"transparent","background-repeat":"","background-size":"","background-attachment":"","background-position":"","background-image":"","media":{"id":"","height":"","width":"","thumbnail":""}},"jws_theme_footer_top_margin":{"margin-top":"0","margin-right":"0","margin-bottom":"0","margin-left":"0","units":"px"},"jws_theme_footer_top_padding":{"padding-top":"65px","padding-right":"0","padding-bottom":"50px","padding-left":"0","units":"px"},"jws_theme_footer_top_column":"4","jws_theme_footer_top_col1":"col-xs-12 col-sm-6 col-md-3 col-lg-3","jws_theme_footer_top_col2":"col-xs-12 col-sm-6 col-md-3 col-lg-3","jws_theme_footer_top_col3":"col-xs-12 col-sm-6 col-md-3 col-lg-3","jws_theme_footer_top_col4":"col-xs-12 col-sm-6 col-md-3 col-lg-3","jws_theme_footer_center_bg":{"background-color":"#333333","background-repeat":"","background-size":"","background-attachment":"","background-position":"","background-image":"","media":{"id":"","height":"","width":"","thumbnail":""}},"jws_theme_footer_center_margin":{"margin-top":"0","margin-right":"0","margin-bottom":"0","margin-left":"0","units":"px"},"jws_theme_footer_center_padding":{"padding-top":"20px","padding-right":"0","padding-bottom":"0","padding-left":"0","units":"px"},"jws_theme_footer_center_column":"2","jws_theme_footer_center_col1":"col-xs-12 col-sm-6 col-md-5 col-lg-5","jws_theme_footer_center_col2":"col-xs-12 col-sm-6 col-md-7 col-lg-7","jws_theme_footer_center_col3":"col-xs-12 col-sm-6 col-md-3 col-lg-3","jws_theme_footer_center_col4":"col-xs-12 col-sm-6 col-md-3 col-lg-3","jws_theme_footer_center_col5":"col-xs-12 col-sm-6 col-md-3 col-lg-3","jws_theme_footer_bottom_bg":{"background-color":"#e2e2e2","background-repeat":"","background-size":"","background-attachment":"","background-position":"","background-image":"","media":{"id":"","height":"","width":"","thumbnail":""}},"jws_theme_footer_bottom_margin":{"margin-top":"0","margin-right":"0","margin-bottom":"0","margin-left":"0","units":"px"},"jws_theme_footer_bottom_padding":{"padding-top":"25px","padding-right":"0","padding-bottom":"5px","padding-left":"0","units":"px"},"jws_theme_footer_bottom_column":"2","jws_theme_footer_bottom_col1":"col-xs-12 col-sm-6 col-md-6 col-lg-6","jws_theme_footer_bottom_col2":"col-xs-12 col-sm-6 col-md-6 col-lg-6","jws_theme_footer_bottom_col3":"col-xs-12 col-sm-6 col-md-3 col-lg-3","jws_theme_primary_color":"#88c9f6","jws_theme_secondary_color":"#ffca00","jws_theme_body_font":{"font-family":"Open Sans","font-options":"","google":"1","font-backup":"","font-weight":"400","font-style":"","subsets":"","text-align":"","font-size":"13px","line-height":"22px","color":"#666666"},"jws_theme_h1_font":{"font-family":"Dosis","font-options":"","google":"1","font-backup":"","font-weight":"700","font-style":"","subsets":"","text-align":"","font-size":"46px","line-height":"40px","letter-spacing":"","color":"#222222"},"jws_theme_h2_font":{"font-family":"Montserrat","font-options":"","google":"1","font-backup":"","font-weight":"","font-style":"","subsets":"latin","text-align":"","font-size":"36px","line-height":"36px","letter-spacing":"","color":"#333333"},"jws_theme_h3_font":{"font-family":"Montserrat","font-options":"","google":"1","font-backup":"","font-weight":"700","font-style":"","subsets":"latin","text-align":"","font-size":"26px","line-height":"29px","letter-spacing":"","color":"#333333"},"jws_theme_h4_font":{"font-family":"Montserrat","font-options":"","google":"1","font-backup":"","font-weight":"700","font-style":"","subsets":"latin","text-align":"","font-size":"24px","line-height":"30px","letter-spacing":"","color":"#333333"},"jws_theme_h5_font":{"font-family":"Montserrat","font-options":"","google":"1","font-backup":"","font-weight":"700","font-style":"","subsets":"latin","text-align":"","font-size":"14px","line-height":"19px","letter-spacing":"","color":"#222222"},"google-font-1":{"font-family":"Niconne","font-options":"","google":"1","font-weight":"400","font-style":""},"google-font-2":{"font-family":"Poppins","font-options":"","google":"1","font-weight":"600","font-style":""},"google-font-3":{"font-family":"Oswald","font-options":"","google":"1","font-weight":"400","font-style":""},"google-font-4":{"font-family":"Oswald","font-options":"","google":"1","font-weight":"700","font-style":""},"jws_theme_display_page_title":"1","jws_theme_title_bar_typography":{"font-family":"Montserrat","font-options":"","google":"1","font-backup":"","font-weight":"700","font-style":"","subsets":"latin","text-align":"center","font-size":"20px","line-height":"25px","color":"#333333"},"jws_theme_title_bar_bg":{"background-color":"transparent","background-repeat":"no-repeat","background-size":"cover","background-attachment":"","background-position":"center top","background-image":"http:\/\/material.jwsuperthemes.com\/wp-content\/uploads\/2016\/10\/bg-title.jpg","media":{"id":"297","height":"179","width":"1920","thumbnail":"http:\/\/material.jwsuperthemes.com\/wp-content\/uploads\/2016\/10\/bg-title-150x150.jpg"}},"jws_theme_title_bar_padding":{"padding-top":"60px","padding-right":"0","padding-bottom":"60px","padding-left":"0","units":"px"},"jws_theme_page_breadcrumb_delimiter":">","jws_theme_display_breadcrumb":"1","jws_theme_show_page_comment":"1","jws_theme_blog_layout":"2cl","jws_theme_blog_image_default":{"url":"","id":"","height":"","width":"","thumbnail":""},"jws_theme_blog_crop_image":"1","jws_theme_blog_image_width":"370","jws_theme_blog_image_height":"220","jws_theme_blog_show_post_title":"1","jws_theme_blog_show_post_info":"1","jws_theme_blog_show_post_desc":"1","jws_theme_blog_post_excerpt_leng":"35","jws_theme_blog_post_excerpt_more":"...","jws_theme_blog_post_readmore":"Read More >>","jws_theme_post_layout":"2cr","jws_theme_post_crop_image":"1","jws_theme_post_image_width":"870","jws_theme_post_image_height":"600","jws_theme_post_show_post_title":"1","jws_theme_post_show_social_share":"1","jws_theme_post_show_post_info":"1","jws_theme_post_show_post_tags":"1","jws_theme_post_show_post_author":"1","jws_theme_post_show_post_comment":"1","jws_theme_post_show_post_about_author":"","jws_theme_post_show_post_related":"","jws_theme_post_no_post_related":"3","jws_theme_archive_sidebar_pos_shop":"tb-sidebar-left","jws_theme_archive_shop_column":"3","jws_theme_archive_shop_ful_column":"4","jws_theme_archive_shop_per_page":"9","jws_theme_archive_show_result_count":"1","jws_theme_archive_show_catalog_ordering":"1","jws_theme_archive_show_pagination_shop":"1","jws_theme_archive_show_title_product":"1","jws_theme_archive_show_price_product":"1","jws_theme_archive_show_rating_product":"1","jws_theme_archive_show_sale_flash_product":"1","jws_theme_archive_show_add_to_cart_product":"1","jws_theme_archive_show_quick_view_product":"1","jws_theme_archive_show_whishlist_product":"1","jws_theme_archive_show_compare_product":"1","jws_theme_single_sidebar_pos_shop":"tb-sidebar-left","jws_theme_single_show_title_product":"1","jws_theme_single_show_price_product":"1","jws_theme_single_show_rating_product":"1","jws_theme_single_show_sale_flash_product":"1","jws_theme_single_show_excerpt":"1","jws_theme_single_show_add_to_cart_product":"1","jws_theme_single_show_meta":"1","jws_theme_single_show_data_tabs":"1","jws_theme_single_show_upsell_products":"1","custom_css_code":"","redux-backup":"1"}